abbreviation,expansion,translation,stem,declension,volumes,abbr_parts
a.,annus,Jahr,ann -i,o,1|3,1
a.,argentum,Silber,argent -i,o (n.),5|6|8,1
abb. et conv.,abbas et conventus,Abt und Konvent,abbat -is; convent -us,konsonantisch/u,1,3
abb. et. conv.,abbas et conventus,Abt und Konvent,abbat -is; convent -us,konsonantisch/u,2|3|4|5|6|8|9,3
abb. etc.,abbas et conventus,Abt und Konvent,abbat -is; convent -us,konsonantisch/u,1|2|4|5|6|7|8|9,2
abb.,abbas,Abt,abbat -is,konsonantisch (m.),*,1
abba.,abbatissa,Äbtissin,abbatiss -(a)e,a,1|2|4|5|6|7|8|9,1
abbam.,abbatissam,Akk. Sg. von abbatissa: Äbtissin,abbatiss -(a)e,a,2|4|5,1
abbat.,abbatia,Abtei; Stelle/Amt des Abtes,abbati -(a)e,a,1|3|5|6|7|8|9,1
abbe.,abbatisse,Gen./Dat. Sg. + Nom. Pl. von abbatissa: Äbtissin,abbatiss -arum,a,1|2|4|5|7,1
abbr.,litterarum apostolicarum abbreviator,"Abbreviator, Abfasser von Konzepten in der päpstlichen Kanzlei",abbreviator -is,konsonantisch,3|4,1
abbrev.,litterarum apostolicarum abbreviator,"Abbreviator, Abfasser von Konzepten in der päpstlichen Kanzlei",abbreviator -is,konsonantisch,1|2|4|5|6|7|8|9,1
acol.,acolitus,"Akoluth, Geistlicher mit der höchsten der niederen Weihen",acolit(h) -i; acolut -i,o,2|4|5|6|7|8|9,1
adhes.,adhesio,,adhesion -is,konsonantisch,5,1
aep. et cap.,"archiepiscopus, prepositus, decanus et canonici","Erzbischof, Propst, Dekan und die Kanoniker",,,1,3
aep. et capit.,"archiepiscopus, prepositus, decanus et canonici","Erzbischof, Propst, Dekan und die Kanoniker",,,2|3|4|5|9,3
aep. et eccl.,"archiepiscopus, prepositus, decanus et canonici","Erzbischof, Propst, Dekan und die Kanoniker",,,9,3
aep. et prep. etc.,"archiepiscopus, prepositus, decanus et canonici","Erzbischof, Propst, Dekan und die Kanoniker",,,7,4
aep. etc.,"archiepiscopus, prepositus, decanus et canonici","Erzbischof, Propst, Dekan und die Kanoniker",,,1|2|4|5|6|7|8|9,2
aep.,archiepiscopus,Erzbischof,archiepiscop -i,o,*,1
aepisc.,archiepiscopalis,erzbischöflich,archiepiscopal -is,i-Dekl. (Adj.),1|3|5|6|7|8|9,1
al.,alius,der andere,ali -us,"o (Adj.) aber unregelmäßig: Gen. alius, Dat. alii",2|3|4|5|6|7|8|9,1
alt. port.,altare portatile,Tragaltar,portatil -is,i-Dekl. (Adj.) (n.),*,2
alt.,altare,Altar,altar -is,konsonantisch (n.),*,1
an.,annus,Jahr,ann -i,o,3|5|6|7|8|9,1
ap. sed.,sedes apostolica,,sed -is apostolic -(a)e,konsonantisch und a,3|4|5|6|7|8|9,2
ap.,apostolicus,apostolisch; päpstlich,apostolic(h) -i,o/a (Adj.),*,1
Ap.,apostolus,Apostel,apostol -i,o,1,1
apl.,apostolus,Apostel,apostol -i,o,4|6|7|8|9,1
appl.,apostoli,die Apostel,apostol -orum,o,4|5|6|7|8|9,1
apr.,aprilis,April,april -is,gemischt,*,1
april.,aprilis,April,april -is,gemischt,4,1
archid.,archidiaconus,Erzdiakon,archidiacon-i,o,2|4|6|7|8|9,1
archiep.,archiepiscopus,Erzbischof,archiepiscop -i,o,2,1
archipresb.,archipresbiter,Erzpriester,archipresb[iy]ter -i,o,*,1
arg.,argentum,Silber,argent -i,o,4|5|6|7|8|9,1
armig.,armiger,Knappe,armiger -i,o,2|3|4|5|6|7|8|9,1
aug.,augustus,August,august -i,o,*,1
b.,beatus,heilig,beat -i,o/a (Adj.),*,1
bac.,baccalaureus,Bakkalaureus (akademischer Grad),baccalari -i; bacallari -i; baccalauri -i,o,*,1
bacal.,bacalaureus,Bakkalaureus (akademischer Grad),baccalari -i; bacallari -i; baccalauri -i,o,1,1
bacall.,bacallaureus,Bakkalaureus (akademischer Grad),baccalari -i; bacallari -i; baccalauri -i,o,1,1
baccal.,baccalaureus,Bakkalaureus (akademischer Grad),baccalari -i; bacallari -i; baccalauri -i,o,1,1
Bapt.,Baptista,(Johannes) der Täufer,baptist -(a)e,a (m.!),1,1
bapt.,baptista,(Johannes) der Täufer,baptist -(a)e,a (m.!),2|3|4|5|6|7|8|9,1
bar.,baro,"Freiherr, Baron",baron -is,konsonantisch,2|3|4|5|6|7|8|9,1
bb.,beati,die heiligen,beat -orum/arum,o/a (Adj.),*,1
ben. c. c.,beneficium cum cura,Pfründe mit Seelsorge,,,1,3
ben. c. v. s. c.,beneficium cum vel sine cura,Pfründe mit oder ohne Seelsorge,,,1,5
ben. s. c.,beneficium sine cura,Pfründe ohne Seelsorge,,,1,3
benef. c. c. vel s. c.,beneficium cum cura vel sine cura,Pfründe mit oder ohne Seelsorge,,,7|8,6
benef. c. c.,beneficium cum cura,Pfründe mit Seelsorge,,,4|5|6|7|8,3
benef. c. v. s. c.,beneficium cum vel sine cura,Pfründe mit oder ohne Seelsorge,,,6,5
benef. s. c.,beneficium sine cura,Pfründe ohne Seelsorge,,,3|5|6|7|8|9,3
c. c. vel s. c.,cum cura vel sine cura,mit oder ohne Seelsorge,,,7|8,5
c. r. p.,cum reservatione prebende,,,,4,3
c. reserv. preb.,cum reservatione prebende,,,,4|5|7|8|9,3
c. v. s. c.,cum vel sine cura,mit oder ohne Seelsorge,,,1|6,4
cam.,camera,(Apostolische) Kammer,camer -(a)e,a,*,1
camer.,camerarius,Kämmerer,camerari -i,o,2|3|5|7|8|9,1
camerar.,camerarius,Kämmerer,camerari -i,o,2|3|4,1
card.,cardinalis,"Kardinal(-bischof, -priester, -diakon)",cardinal -is,gemischt,*,1
cathedr.,cathedralis,Bischofs-(kirche),cathedral -is,gemischt,1|2|3|5|6|7|8|9,1
cathedral.,cathedralis,Bischofs-(kirche),cathedral -is,gemischt,4,1
cf.,confer,vergleiche,,,1|5|9,1
cimit.,cimiterium,Friedhof,cim[i/e]teri -i,o,3|5|6|7|8|9,1
civ.,civis,Bürger,civ -is,gemischt,2|3|5|6|7|8|9,1
civit.,civitas,(Bischofs-)Stadt,civitat -is,konsonantisch,3|5|6|7|8|9,1
collect.,collector,Kollektor,collector -is,konsonantisch,2|3|4|5|6|7|8|9,1
colleg.,collegiata,Stifts-(kirche),collegiat -(a)e,a,*,1
comm. serv.,servitium commune,allgemeines Servitium,serviti -i commun -is,o (n.) und konsonantisch (n.),1|2,2
committ.,committere,beauftragen,"committ, commis, commiss",konsonantische Konj.,5|7|8|9,1
commun. serv.,servitium commune,allgemeines Servitium,serviti -i commun -is,o (n.) und konsonantisch (n.),5|9,2
commun. servit.,servitium commune,allgemeines Servitium,serviti -i commun -is,o (n.) und konsonantisch (n.),8,2
communi(s) serv.,servitium commune,allgemeines Servitium,serviti -i commun -is,o (n.) und konsonantisch (n.),7|9,2
compat.,compatibilis,vereinbar,compatibil -is,i (Adj.),3|4|7|8|9,1
coniug.,coniugatus,verheiratet,coniugat,o (Adj.),2|3|4|5|6|7|8|9,1
conv.,conventus,Konvent,convent -us,u,*,1
corp.,corpus,Körper; körperliche Unversehrtheit,corpor -is,konsonantisch (n.),2|3|4|5|6|7|8|9,1
cubic.,cubicularius,"Kubikular (des Papstes), Kammerherr",cubiculari -i,o,1|2|3|4|5|7|8|9,1
cum res. preb.,cum reservatione prebende,,,,1,3
cum reserv. preb.,cum reservatione prebende,,,,3,3
cur. Rom.,Romana curia,,Roman -(a)e curi -(a)e,beide a,6,2
cur. Roman.,Romana curia,,Roman -(a)e curi -(a)e,beide a,3,2
curia Rom.,Romana curia,,Roman -(a)e curi -(a)e,beide a,1|4,2
cust.,custos,"Kustos, Küster",custod -is,konsonantisch,2|3|4|5|6|7|8|9,1
custod.,custodia,Amt des Kustos,custodi -(a)e,a,2|3|4|5|6|7|8|9,1
d. d.,de dato/data,,,,2|3|4|6|7|8,2
dd.,dicti,die genannten,dict -orum,o,4|6|7|8|9,1
dec. et cap.,"decanus, capitulum et singuli canonici","Dekan, Kapitel und die einzelnen Kanoniker",,,1|2|4,3
dec. et capit.,"decanus, capitulum et singuli canonici","Dekan, Kapitel und die einzelnen Kanoniker",,,2|3|4|5|6|7|8|9,3
dec. etc.,"decanus, capitulum et singuli canonici","Dekan, Kapitel und die einzelnen Kanoniker",,,2|4|5|6|7|8|9,2
dec.,decanus,Dekan,decan -i,o,*,1
decb.,december,Dezember,decembr -is,konsonantisch,5|8|9,1
decr.,decretum,Verordnung,decret -i,o (n.),*,1
def. nat. c. c.,defectus natalium de coniugato et coniugata genitus,Geburtsmakel von einem Verheirateten und einer Verheirateten abstammend,,,4|5|6|7|8|9,4
def. nat. c. s.,defectus natalium de coniugato et soluta genitus,Geburtsmakel von einem Verheirateten und einer Ledigen abstammend,,,4|5|6|7|8|9,4
def. nat. p. c.,defectus natalium de presbitero et coniugata genitus,Geburtsmakel von einem Priester und einer Verheirateten abstammend,,,4|5|6|7|8|9,4
def. nat. p. s.,defectus natalium de presbitero et soluta genitus,Geburtsmakel von einem Priester und einer Ledigen abstammend,,,4|5|6|7|8|9,4
def. nat. s. c.,defectus natalium de soluto et coniugata genitus,Geburtsmakel von einem Ledigen und einer Verheirateten abstammend,,,4|5|6|7|8|9,4
def. nat. s. s.,defectus natalium de soluto et soluta genitus,Geburtsmakel von einem Ledigen und einer Ledigen abstammend,,,4|5|6|7|8|9,4
def.,defectus,"Mangel, Makel",defect -us,u,*,1
den.,denarius,"Denar, Pfennig",denari -i,o,*,1
deput.,deputare,beauftragen,"deput, deputav, deputat",a-Konj.,2|3|4|5|7|8|9,1
diac.,diaconus,Diakon,diacon -i,o,*,1
diacon.,diaconatus,"Weihegrad, Amt des Diakons",diaconat -us,u,3|4|5|6|7|8|9,1
dign.,dignitas,"Dignität, höheres Amt in einem Kapitel",dignitat -is,konsonantisch,*,1
dioc.,diocesis,Diözese,dioces -is,gemischt,*,1
div. off.,divina officia,,,,3|5|6|7|8,2
divin. off.,divina officia,,,,3,2
divina off.,divina officia,,,,6|7|8|9,2
doct.,doctor,Doktor,doctor -is,konsonantisch,2|3|4|5|6|7|8|9,1
duc.,ducatus,Dukaten,ducat -us,u,2|3|4|5|6|7|8|9,1
ducat.,ducatus,Dukaten,ducat -us,u,2|3,1
e. m.,extra muros,außerhalb der Mauern,,,2|3|4|5|6|7|8|9,2
eccl.,ecclesia,Kirche,ecclesi -(a)e,a,1|2|3|4|6|7|8|9,1
eccles.,ecclesiasticus,kirchlich,ecclesiastic -i,o (Adj.),2|3|5|6|7|8|9,1
el.,electus,"gewählt, (zum Bischof) Gewählter, Elekt",elect -i,o,*,1
elect.,electio,Wahl,election -is,konsonantisch,3|4|5|6|7|8|9,1
ep. et cap.,episcopus et capitulum,Bischof und Kapitel,,,1,3
ep. et capit.,episcopus et capitulum,Bischof und Kapitel,,,2|3|4|5|7|8|9,3
ep. etc.,"episcopus, prepositus, decanus et canonici","Bischof, Propst, Dekan und die Kanoniker",,,*,2
ep.,episcopus,Bischof,episcop -i,o,*,1
episc.,episcopalis,bischöflich,episcopal -is,i (Adj.),3|5|6|7|8|9,1
episcop.,episcopalis,bischöflich,episcopal -is,i (Adj.),4,1
epp.,episcopi,Bischöfe,episcop -orum,o,1|3|5,1
ev.,evangelista,(Johannes) der Evangelist,evangelist -(a)e,a (m.!),2|4|5|6|7|8|9,1
evang.,evangelista,(Johannes) der Evangelist,evangelist -(a)e,a (m.!),2|3,1
f. gr.,fit gratia,,,,1|2|3,2
fact.,factus,"geschehen, gemacht",fact -i,o (Adj.),2|3|4|5|6|7|8|9,1
fam.,familiaris,Familiar,familiar -is,gemischt,2|3|4|5|6|7|8|9,1
famil.,familiaris,Familiar,familiar -is,gemischt,1|4,1
febr.,februarius,Februar,februari -i,o,1|2|3|4|5|6|7|9,1
fit gr.,fit gratia,,,,1,2
fit. Gr.,fit gratia,,,,4,2
fl.,florenus,Gulden,floren -i,o,*,1
flor.,florenus,Gulden,floren -i,o,1|4,1
fr. kalend.,fratres kalendarum,,fratr -um; kalendarum wird nicht verändert,gemischt,2|8,2
fr. kalendarum,fratres kalendarum,,fratr -um; kalendarum wird nicht verändert,gemischt,2|6|8|9,2
fr.,frater,Bruder,fratr -is,gemischt,*,1
fratr. Kalendarum,fratres kalendarum,,fratr -um; kalendarum wird nicht verändert,gemischt,2,2
fratr.,frater,Bruder,fratr -is,gemischt,2|3,1
fratres kalend.,fratres kalendarum,,fratr -um; kalendarum wird nicht verändert,gemischt,2,2
fruct. etc.,"fructus, proventus et redditus",,"fruct -us, provent -us, reddit -us",alle u,3|4|5|6|7|8|9,2
fruct.,fructus,"Ertrag, Einkünfte",fruct -us,u,2|3|4|5|6|7|8|9,1
gen.,genus,Geschlecht,gener -is,konsonantisch (n.),*,1
gener.,generalis,"allgemein, General-",general -is,i (Adj.),2|4,1
general.,generalis,"allgemein, General-",general -is,i (Adj.),4,1
gr.,gratia,(päpstlicher) Gunsterweis,grati -(a)e,a,*,1
guard.,guardianus,Guardian,guardian -i,o,6|7|8,1
hab. pot.,habens potestatem,,,,2|4,2
hosp. paup.,hospitale pauperum,,,,2|3|4|5|6|7|8|9,2
hosp. pauper.,hospitale pauperum,,,,2,2
hosp. pauperum,hospitale pauperum,,,,1|2|3|4|8|9,2
hosp.,hospitale,"Herberge, Hospital",hospital -is,konsonantisch,*,1
hospit. paup.,hospitale pauperum,,,,4,2
hospit.,hospitale,"Herberge, Hospital",hospital -is,konsonantisch,4,1
i. p. i.,in partibus infidelium,,,,5,3
ian.,ianuarius,Januar,ianuari -i,o,*,1
immed.,immediatus,unmittelbar,immediat -i,o (Adj.),2|3|4|7|8|9,1
in man.,in manibus,,,,1|2|3,2
incorp.,incorporare,"inkorporieren, einverleiben","incorpor, incorporav, incorporat",a-Konj.,*,1
indulg.,indulgentia,Nachlaß (von Sündenstrafen),indulgent -(a)e,a,*,1
ingr.,ingredi,eintreten (ins Kloster),"ingred, ingress",halbkonsonantische Konj.,2|3|4|5|6|7|8|9,1
ingred.,ingredi,eintreten (ins Kloster),"ingred, ingress",halbkonsonantische Konj.,3|4,1
inhab.,inhabilitas,Unfähigkeit (zur Ausübung klerikaler Funktionen),inhabilitat -is,konsonantisch,2|4|6|7|9,1
inhabil.,inhabilitas,Unfähigkeit (zur Ausübung klerikaler Funktionen),inhabilitat -is,konsonantisch,2|3|4|5|8,1
insign. pontif.,insignia pontificalia,,insigni -um pontificali -um,beide i (n.),2|3,2
instr.,instrumentum,(Notariats-)Instrument,instrument -i,o (n.),2|3|4|9,1
instrum.,instrumentum,(Notariats-)Instrument,instrument -i,o (n.),2|3|4|6,1
interd.,interdictum,Interdikt,interdict -i,o (n.),2|4|5|6|7|8|9,1
irreg.,irregularitas,"Irregularität, (Weihe-) Hindernis",irregularitat -is,konsonantisch,*,1
irregul.,irregularitas,"Irregularität, (Weihe-) Hindernis",irregularitat -is,konsonantisch,1|2|4,1
iul.,iulius,Juli,iuli -i,o,*,1
iur.,iuris,des Rechts,iur -is,konsonantisch,2|3|4|5|6|7|8|9,1
iuram.,iuramentum,Eid,iurament -i,o (n.),2|3|4|5|6|7|8|9,1
iurisd.,iurisdictio,Gerichtsbarkeit; Gerichtshoheit,iurisdiction -is,konsonantisch,2|6|7|8|9,1
l. T. p.,libra Turonensium parvorum,Pfund kleiner Turnosen (Münze),,,5|6|8,3
l. Tur. p.,libra Turonensium parvorum,Pfund kleiner Turnosen (Münze),,,4|7,3
laic.,laicus,Laie,laic -i,o,2|3|4|5|6|7|8|9,1
laical.,laicalis,"weltlich, Laien-",laical -is,i (Adj.),3,1
leg.,leges,Rechte,leg -um,konsonantisch,*,1
legit.,legitimare,,"legitim, legitimav, legitimat",a-Konj.,3|5|7|8|9,1
lic.,licentia,Erlaubnis,licenti -(a)e,a,*,1
lit. pend.,lite pendente,,,,2|5|6,2
lite pend.,lite pendente,,,,3,2
litt. ap. testim.,testimoniales littere,"Bescheinigung, Zeugnis",,,1,3
litt. testim.,testimoniales littere,"Bescheinigung, Zeugnis",,,1|3|4|5|6|8,2
litt.,littere,"Urkunde, Brief",litter -is,konsonantisch,2|3|4|5|6|7|8|9,1
litteris testim.,testimoniales littere,"Bescheinigung, Zeugnis",,,1,2
m. a. p.,marca argenti puri,Mark reinen Silbers,,,5|6|8|9,3
m. arg. p.,marca argenti puri,Mark reinen Silbers,,,4|7,3
m. arg.,marca argenti,Mark Silbers,marc -(a)e,5|6|7|8|9,,2
mag.,magister,"Magister, Meister, Vorsteher",magistr -i,o,*,1
maior. eccl.,maior ecclesia,Bischofskirche,,,2|4|7,2
matrim.,matrimonium,Ehe,matrimoni -i,o (n.),2|3|4|5|6|7|8|9,1
matrimon.,matrimonium,Ehe,matrimoni -i,o (n.),3,1
med.,medicina,Medizin,medicin -(a)e,a,2|3|4|5|6|7|8|9,1
merc.,mercator,Kaufmann,mercator -is,konsonantisch,2|5|6|7|8|9,1
min. serv.,servitia minuta,kleine Servitien an Kuriale,serviti -orum minut -orum,beide o (n.),3|4|5,2
min. servit.,servitia minuta,kleine Servitien an Kuriale,serviti -orum minut -orum,beide o (n.),8|9,2
min. servitiorum,servitia minuta,kleine Servitien an Kuriale,serviti -orum minut -orum,beide o (n.),9,2
min.,minor,"der geringere, kleinere",minor -is,konsonantisch,*,1
monial.,monialis,"Nonne, zur Nonne gehörig",monial -is,i ?,*,1
mort. art.,mortis articulus/facultas absolvendi in mortis articulo,,,,4,2
mort. artic.,mortis articulus/facultas absolvendi in mortis articulo,,,,5,2
motu pr.,motu proprio,(vorgeblich) aus eigenem Antrieb,,,4|5|6|7|8,2
n. o.,non obstante/obstantibus,ungeachtet,,,2|3|4|5|6|7|8|9,2
n.,non,nicht,,,*,1
nob.,nobilis,adelig,nobil -is,i (Adj.),*,1
nov.,november,November,novembr -is,konsonantisch,*,1
nunc.,nuncupatus,genannt,nuncupat -i,o (Adj.),*,1
nuncup.,nuncupatus,genannt,nuncupat -i,o (Adj.),3|4,1
o. s. a.,obligatio super annata,,,,5|6,3
obl. sup. ann.,obligatio super annata,,,,5,3
oblig. sup. ann.,obligatio super annata,,,,6|7|8,3
oblig. sup. annat.,obligatio super annata,,,,9,3
oblig. super annata,obligatio super annata,,,,4,3
obt.,obtinere,innehaben,"obtine, obtinu, obtent",e-Konj.,4|6,1
obtin.,obtinere,innehaben,"obtine, obtinu, obtent",e-Konj.,1|2|5|6|7|8|9,1
oct.,october,Oktober,octobr -is,konsonantisch,*,1
off. divin.,divina officia,,,,3,2
off. tab.,tabellionatus officium ?,,,,5|6|7|8|9,2
off. tabell.,tabellionatus officium ?,,,,3|6,2
omn. SS.,Omnium sanctorum,Allerheiligen,,,1,2
omn. ss.,Omnium sanctorum,Allerheiligen,,,2|4|5|6,2
p. m.,per manus,,,,1|2|4|6|7|8|9,2
p. o.,per obitum,durch Tod,,,2|4|5|6|7|8|9,2
p.,per,durch,,,*,1
pal.,palatium,Palast,palati -i,o (n.),1|2|3|4|5|6|8|9,1
palat.,palatium,Palast,palati -i,o (n.),2|3|4,1
paroch.,parochia,"Pfarrei, Pfarrsprengel",parochi -(a)e,a,1|3|4|5|6|7|8|9,1
pec.,pecunia,Geld,pecuni -(a)e,a,2|5|6|7|8|9,1
pecun.,pecunia,Geld,pecuni -(a)e,a,2|4,1
pens.,pensio,Rente (aus einer Pfründe),pension -is,konsonantisch,5|6|7|8|9,1
perc.,percipere,beziehen (von Einkünften),"percipi, percep, percept",gemischte Konj.,6,1
percip.,percipere,beziehen (von Einkünften),"percipi, percep, percept",gemischte Konj.,2|3|4|5|6|7|8|9,1
perp.,perpetuus,"ständig, dauernd",perpetu -i,o (Adj.),1|3|4|5|6|7|8|9,1
perpet.,perpetuus,"ständig, dauernd",perpetu -i,o (Adj.),4,1
pertin.,pertinere,gehören,"pertine, pertinu, -",e-Konj.,2|4|5|6|7|8|9,1
plen.,plenarius,vollkommen,plenari -i,o (Adj.),*,1
prep. etc.,"prepositus, decanus et canonici","Propst, Dekan und die Kanoniker",,,1|2|4|5|6|7|8|9,2
prep.,prepositus,"Propst, Vorsteher",preposit -i ?,o ?,*,1
"prep., dec. et can.","prepositus, decanus et canonici","Propst, Dekan und die Kanoniker",,,9,4
"prep., dec. et canonici","prepositus, decanus et canonici","Propst, Dekan und die Kanoniker",,,9,4
"prep., dec. et capit.","prepositus, decanus et canonici","Propst, Dekan und die Kanoniker",,,3|5|9,4
"prep., dec. etc.","prepositus, decanus et canonici","Propst, Dekan und die Kanoniker",,,8,3
"prep., dec., can. et capit.","prepositus, decanus et canonici","Propst, Dekan und die Kanoniker",,,9,5
prepos.,prepositatus,Amt des Propstes,prepositat -us,u,*,1
presb.,presbiter,Priester,,,*,1
prim.,primarius,"der erste, vorrangige",primari -i,o (Adj.),3|4|5|7|8|9,1
primar.,primarius,"der erste, vorrangige",primari -i,o (Adj.),4,1
privil.,privilegium,Privileg,privilegi -i,o (n.),2|3|4|5|6|7|8|9,1
privileg.,privilegium,Privileg,privilegi -i,o (n.),4,1
prom.,promovere,(zu einem Weihegrad) befördern; erheben,"promove, promov, promot",e-Konj.,*,1
prorog.,prorogare,verlängern,"prorog, prorogav, prorogat",a-Konj.,*,1
publ.,publicus,öffentlich,public -i,o (Adj.),*,1
public.,publicus,öffentlich,public -i,o (Adj.),2|3|4,1
quib.,quibus,welchen,,,2|4|5|6|7|8|9,1
quond.,quondam,"früher, verstorben",,,2|4|5|6|7|8|9,1
R. e.,Romana Ecclesia,Römische Kirche,,,2,2
R. E.,Romana Ecclesia,Römische Kirche,,,2|5|6|7|8|9,2
R. I.,Romanorum Imperator,Römischer Kaiser,,,5|6|7|8|9,2
R. R.,Romanorum Rex,Römischer König,,,5|6|7|8,2
rec.,recipere,"empfangen, aufnehmen","recipi, recep, recept",gemischte Konj.,4,1
recip.,recipere,"empfangen, aufnehmen","recipi, recep, recept",gemischte Konj.,2|3|4|5|6|7|8|9,1
rect.,rector,"Rektor, Pfarrer; Meister",rector -is,konsonantisch,2|3|4|5|6|7|8|9,1
red.,redditus,Einkünfte,red(d)it -us,u,2|4|6|7|9,1
redd.,redditus,Einkünfte,red(d)it -us,u,4|5,1
refer.,referendarius,Referendar (des Papstes),referendari -i,o,2|3|4|5|6|7|8|9,1
referend.,referendarius,Referendar (des Papstes),referendari -i,o,2|4,1
reg.,regula,(Ordens-)Regel,regul -(a)e,a,*,1
regul.,regula,(Ordens-)Regel,regul -(a)e,a,3|4|6,1
relax.,relaxare,"entbinden, aufheben","relax, relaxav, relaxat",a-Konj.,3|6|7|8|9,1
resid.,residere,wohnhaft sein,"reside, resed, resess",e-Konj.,3|4|5|6|7|8|9,1
resident.,residentia,Residenz(pflicht),residenti -(a)e,a,4,1
resig.,resignare,Verzicht leisten,"resign, resignav, resignat",a-Konj.,4|5|9,1
resign.,resignare,Verzicht leisten,"resign, resignav, resignat",a-Konj.,1|3|7|8|9,1
Rom. cur.,Romana curia,,Roman -(a)e curi -(a)e,beide a,3|6,2
Rom. curia,Romana curia,,Roman -(a)e curi -(a)e,beide a,1|2|3|4,2
Rom. imp.,Romanorum Imperator,Römischer Kaiser,,,2|3,2
Rom. imper.,Romanorum Imperator,Römischer Kaiser,,,2,2
Rom. rex,Romanorum Rex,Römischer König,,,2|3,2
Rom.,Romanus,,Roman -i,o,1|2|3|4|6,1
Roman. cur.,Romana curia,,Roman -(a)e curi -(a)e,beide a,3,2
Roman.,Romanus,,Roman -i,o,3|4|5|8,1
s. e. d.,sub eodem dato/sub eadem data,,,,4,3
s. e. p.,sub expectatione prebende,,,,1|2|3|4|6|7,3
s. e. s. o. n. c.,sed eius superveniente obitu non confecta,,,,5,6
s. p. d.,sub prima data/sub primo dato,,,,5,3
s. R. e.,Sacrosancta Romana Ecclesia,Heilige Römische Kirche,,,2,3
s. R. E.,Sacrosancta Romana Ecclesia,Heilige Römische Kirche,,,2,3
S. R. E.,Sacrosancta Romana Ecclesia,Heilige Römische Kirche,,,5|6|7|8|9,3
S. R. I.,Sacrum Romanum Imperium,,,,5|7|8,3
s. Rom. imperium,Sacrum Romanum Imperium,,,,2,3
salv. cond.,salvus conductus,,,,1|3|4,2
salv. conduct.,salvus conductus,,,,2,2
sec.,secularis,weltlich,secular -is,,1|2|4|5|6|7|8|9,1
secul.,secularis,weltlich,secular -is,,2|3|4|6,1
secular.,secularis,weltlich,secular -is,,4,1
sed. ap.,sedes apostolica,,sed -is apostolic -(a)e,konsonantisch und a,3|4|5|6|7|8|9,2
sed.,sedes,Sitz; (Bischofs-)Thron,sed -is,konsonantisch,2|3|4|5|6|7|8|9,1
sen.,senior,der ältere,senior -is,konsonantisch,2|3|4|5|6|7|8|9,1
sent.,sententia,"Spruch, Urteil",sententi -(a)e,a,1|2|5|6|7|8|9,1
sentent.,sententia,"Spruch, Urteil",sententi -(a)e,a,3,1
sept.,september,September,septembr -is,konsonantisch,*,1
serv. commun.,servitium commune,allgemeines Servitium,serviti -i commun -is,o (n.) und konsonantisch (n.),9,2
serv. min.,servitia minuta,kleine Servitien an Kuriale,serviti -orum minut -orum,beide o (n.),1|4|6|9,2
serv.,servitium,Dienst; Servitium,serviti -i,o (n.),*,1
servit.,servitium,Dienst; Servitium,serviti -i,o (n.),8,1
ss.,sancti,die heiligen,sanct -orum,o,*,1
SS.,sancti,die heiligen,sanct -orum,o,1,1
sub expect. preb.,sub expectatione prebende,,,,5|8|9,3
sub prima dat.,sub prima data/sub primo dato,,,,9,3
subdiac.,subdiaconus,Subdiakon,subdiacon -i,o,*,1
subdiacon.,subdiaconatus,Weihegrad; Amt des Subdiakons,subdiaconat -us,u,3|4|5|6|7|8|9,1
subrog.,surrogare,(in die Rechte eines anderen) eingesetzt werden,"surrog, surrogav, surrogat",a-Konj.,2|3,1
subsid. car.,subsidium caritatis/ivum,,,,1,2
subsid. carit.,subsidium caritatis/ivum,,,,2,2
surrog.,surrogare,(in die Rechte eines anderen) eingesetzt werden,"surrog, surrogav, surrogat",a-Konj.,*,1
tab. off.,tabellionatus officium ?,,,,2|5|7|8,2
tab.,tabellionatus,Notariat,tabellionat -us,u,2|4|5|6|7|8|9,1
tabell. off.,tabellionatus officium ?,,,,1|3,2
tabell.,tabellionatus,Notariat,tabellionat -us,u,1|3|6,1
term.,terminus,"Termin, Zeitpunkt",termin -i,o,3|5|6|7|8|9,1
testim. litt.,testimoniales littere,"Bescheinigung, Zeugnis",,,1|4|7,2
testim. litter.,testimoniales littere,"Bescheinigung, Zeugnis",,,1,2
testim. litteris,testimoniales littere,"Bescheinigung, Zeugnis",,,1,2
testimonialibus litt.,testimoniales littere,"Bescheinigung, Zeugnis",,,1,2
testimonialis litt.,testimoniales littere,"Bescheinigung, Zeugnis",,,4,2
theol.,theologia,Theologie,theologi -(a)e,a,*,1
tit.,titulus,Titel(-kirche eines Kardinals),titul -i,o,*,1
unac.,unacum,zusammen mit,,,2|4|5|6|7|8|9,1
univ.,universitas,"Universität, Gesamtheit (der Bürger)",universitat -is,konsonantisch,*,1
univers.,universitas,"Universität, Gesamtheit (der Bürger)",universitat -is,konsonantisch,2|4|5|8,1
universit.,universitas,"Universität, Gesamtheit (der Bürger)",universitat -is,konsonantisch,4,1
ux.,uxor,(Ehe-)Frau,uxor -is,konsonantisch,1|2|5|6|7|8|9,1
vac.,vacare,"frei, vakant sein","vac, vacav, vacat",a-Konj.,*,1
vacat.,vacaturus,"künftig frei, vakant",vacatur -i,o (Adj.),2|3|4|5|6|7|8|9,1
vic.,vicarius,"Vikar, Stellvertreter",vicari -i,o,2|3|4|5|6|7|8|9,1
vicar.,vicaria,"Vikarie, Meßpriesterstelle",vicari -(a)e,a,2|3|4|5|6|7|8|9,1
virg.,virgo,Jungfrau,virgin -is,konsonantisch,1|2|4|5|6|7|8|9,1
visit.,visitare,besuchen; kontrollieren,"visit, visitav, visitat",a-Konj.,1|2|4|5|6|7|8|9,1
vulg.,vulgariter,"gewöhnlich, sonst; in der Volkssprache",,,*,1
